INSERT INTO courses (
    id,
    tenant_id,
    title,
    description,
    published,
    created_at,
    updated_at
) VALUES (
    '50000000-0000-0000-0000-000000000001',
    '11111111-1111-1111-1111-111111111111',
    'Enterprise Java Microservices',
    'Sample LMS course for Spring Boot microservice learning paths.',
    true,
    NOW(),
    NOW()
);

INSERT INTO course_modules (id, tenant_id, course_id, title, position, created_at, updated_at) VALUES
('50000000-0000-0000-0000-000000000101', '11111111-1111-1111-1111-111111111111', '50000000-0000-0000-0000-000000000001', 'Spring Boot Foundations', 1, NOW(), NOW()),
('50000000-0000-0000-0000-000000000102', '11111111-1111-1111-1111-111111111111', '50000000-0000-0000-0000-000000000001', 'Microservice Integration', 2, NOW(), NOW());

INSERT INTO submodules (id, tenant_id, module_id, title, position, created_at, updated_at) VALUES
('50000000-0000-0000-0000-000000000201', '11111111-1111-1111-1111-111111111111', '50000000-0000-0000-0000-000000000101', 'REST API Design', 1, NOW(), NOW()),
('50000000-0000-0000-0000-000000000202', '11111111-1111-1111-1111-111111111111', '50000000-0000-0000-0000-000000000102', 'Kafka Events', 1, NOW(), NOW());

INSERT INTO content_items (
    id,
    tenant_id,
    course_id,
    module_id,
    sub_module_id,
    title,
    type,
    storage_ref,
    position,
    created_at,
    updated_at
) VALUES
('50000000-0000-0000-0000-000000000301', '11111111-1111-1111-1111-111111111111', '50000000-0000-0000-0000-000000000001', '50000000-0000-0000-0000-000000000101', '50000000-0000-0000-0000-000000000201', 'Architecture Notes', 'NOTE', 'notes://enterprise-java/architecture', 1, NOW(), NOW()),
('50000000-0000-0000-0000-000000000302', '11111111-1111-1111-1111-111111111111', '50000000-0000-0000-0000-000000000001', '50000000-0000-0000-0000-000000000101', '50000000-0000-0000-0000-000000000201', 'Spring Boot PDF', 'PDF', 's3://lms-content/sample/spring-boot.pdf', 2, NOW(), NOW()),
('50000000-0000-0000-0000-000000000303', '11111111-1111-1111-1111-111111111111', '50000000-0000-0000-0000-000000000001', '50000000-0000-0000-0000-000000000101', '50000000-0000-0000-0000-000000000201', 'Microservices PPT', 'PPT', 's3://lms-content/sample/microservices.pptx', 3, NOW(), NOW()),
('50000000-0000-0000-0000-000000000304', '11111111-1111-1111-1111-111111111111', '50000000-0000-0000-0000-000000000001', '50000000-0000-0000-0000-000000000102', '50000000-0000-0000-0000-000000000202', 'Sync vs Async Comparison', 'COMPARISON_TABLE', 'table://sync-vs-async', 4, NOW(), NOW()),
('50000000-0000-0000-0000-000000000305', '11111111-1111-1111-1111-111111111111', '50000000-0000-0000-0000-000000000001', '50000000-0000-0000-0000-000000000102', '50000000-0000-0000-0000-000000000202', 'Kafka Event Walkthrough', 'VIDEO_REFERENCE', 'media://sample-video-kafka', 5, NOW(), NOW());
